{"nodes":[{"id":0,"reflexive":false,"membership_functions":[],"x":300.3601107701694,"y":303.15078805366096,"index":0,"weight":2,"px":300.33891400927706,"py":303.132116840435},{"id":1,"reflexive":false,"membership_functions":[],"x":160.39231183751812,"y":261.4651716427984,"index":1,"weight":1,"px":160.4194811758501,"py":261.45578240811534},{"id":2,"reflexive":false,"membership_functions":[],"x":241.30417126592332,"y":169.58548216396449,"index":2,"weight":1,"px":241.29830791364967,"py":169.61364944343046}],"links":[{"source":{"id":0,"reflexive":false,"membership_functions":[],"x":300.3601107701694,"y":303.15078805366096,"index":0,"weight":2,"px":300.33891400927706,"py":303.132116840435},"target":{"id":1,"reflexive":false,"membership_functions":[],"x":160.39231183751812,"y":261.4651716427984,"index":1,"weight":1,"px":160.4194811758501,"py":261.45578240811534},"left":true,"right":false},{"source":{"id":0,"reflexive":false,"membership_functions":[],"x":300.3601107701694,"y":303.15078805366096,"index":0,"weight":2,"px":300.33891400927706,"py":303.132116840435},"target":{"id":2,"reflexive":false,"membership_functions":[],"x":241.30417126592332,"y":169.58548216396449,"index":2,"weight":1,"px":241.29830791364967,"py":169.61364944343046},"left":false,"right":true}]}