{"nodes":[{"id":0,"reflexive":false,"membership_functions":[],"x":300.36012692808936,"y":303.1507958977345,"index":0,"weight":2,"px":300.33871597706735,"py":303.1319360336024},{"id":1,"reflexive":false,"membership_functions":[],"x":160.39229107435688,"y":261.46528458629854,"index":1,"weight":1,"px":160.41973493864393,"py":261.4558004642366},{"id":2,"reflexive":false,"membership_functions":[],"x":241.3042961323127,"y":169.58547900784623,"index":2,"weight":1,"px":241.29837354436114,"py":169.61393089587176}],"links":[{"source":{"id":0,"reflexive":false,"membership_functions":[],"x":300.36012692808936,"y":303.1507958977345,"index":0,"weight":2,"px":300.33871597706735,"py":303.1319360336024},"target":{"id":1,"reflexive":false,"membership_functions":[],"x":160.39229107435688,"y":261.46528458629854,"index":1,"weight":1,"px":160.41973493864393,"py":261.4558004642366},"left":true,"right":false},{"source":{"id":0,"reflexive":false,"membership_functions":[],"x":300.36012692808936,"y":303.1507958977345,"index":0,"weight":2,"px":300.33871597706735,"py":303.1319360336024},"target":{"id":2,"reflexive":false,"membership_functions":[],"x":241.3042961323127,"y":169.58547900784623,"index":2,"weight":1,"px":241.29837354436114,"py":169.61393089587176},"left":false,"right":true}]}