{"nodes":[{"id":0,"reflexive":false,"membership_functions":[],"x":259.37202782123023,"y":328.0586416803136,"index":0,"weight":2,"px":259.3652298018759,"py":328.0312271389797},{"id":1,"reflexive":false,"membership_functions":[],"x":286.846901448659,"y":184.62773324824764,"index":1,"weight":1,"px":286.8260487959339,"py":184.64755662068407},{"id":2,"reflexive":false,"membership_functions":[],"x":168.02213633411446,"y":214.11184751339886,"index":2,"weight":1,"px":168.049819977588,"py":214.1195961066992}],"links":[{"source":{"id":0,"reflexive":false,"membership_functions":[],"x":259.37202782123023,"y":328.0586416803136,"index":0,"weight":2,"px":259.3652298018759,"py":328.0312271389797},"target":{"id":2,"reflexive":false,"membership_functions":[],"x":168.02213633411446,"y":214.11184751339886,"index":2,"weight":1,"px":168.049819977588,"py":214.1195961066992},"left":true,"right":false},{"source":{"id":0,"reflexive":false,"membership_functions":[],"x":259.37202782123023,"y":328.0586416803136,"index":0,"weight":2,"px":259.3652298018759,"py":328.0312271389797},"target":{"id":1,"reflexive":false,"membership_functions":[],"x":286.846901448659,"y":184.62773324824764,"index":1,"weight":1,"px":286.8260487959339,"py":184.64755662068407},"left":false,"right":true}],"last":2}